product_id,product_name,category,unit_price,cost_price,inventory_quantity
1,Wireless Camera,Electronics,65.0,28.72,126
2,Fun Car,Toys,12.79,5.48,159
3,Fun Doll,Toys,180.42,110.13,207
4,Durable Sweater,Clothing,203.31,81.72,140
5,Cozy Chair,Home,43.09,29.61,186
6,Wireless Monitor,Electronics,28.7,18.78,167
7,  Portable Speaker  ,Electronics,243.41,125.01,241
8,Classic Guide,Books,177.62,73.49,158
9,Illustrated Guide,Books,217.29,111.7,216
10,Hardcover Anthology,Books,92.04,55.32,118
11,Educational Doll,Toys,45.03,23.14,242
12,Classic Jacket,Clothing,61.12,25.04,180
13,Cozy Lamp,Home,56.69,38.71,180
14,  Durable Shirt ,Clothing,221.75,131.47,136
15,  Hardcover Guide ,Books,187.52,105.33,249
16,Modern Chair,Home,58.73,41.07,230
17, Elegant Lamp ,Home,215.97,96.29,140
18,Elegant Table,Home,98.5,68.84,235
19,Illustrated Novel,Books,172.02,96.52,168
20,Illustrated Anthology,Books,111.52,59.79,167
21,Educational Puzzle,Toys,218.28,106.86,229
22, Educational Doll  ,Toys,96.61,43.33,235
23,Smart Monitor,Electronics,9.77,6.63,178
24,Comfortable Jeans,Clothing,220.11,150.57,121
25,Elegant Rug,Home,36.46,19.78,240
26,Classic Shirt,Clothing,241.27,163.74,151
27,Modern Anthology,Books,112.33,62.37,130
28,Stylish Jacket,Clothing,87.83,50.63,158
29,Educational Puzzle,Toys,22.39,13.2,158
30,Wireless Camera,Electronics,22.36,10.54,224
31,Stylish Shirt,Clothing,64.53,34.97,204
32,Comfortable Jacket,Clothing,166.45,84.27,205
33,Elegant Lamp,Home,19.85,12.28,127
34,  Stylish Jeans  ,Clothing,136.39,60.29,146
35,Modern Guide,Books,219.25,92.66,240
36,Wireless Speaker,Electronics,242.4,164.33,160
37,Durable Shirt,Clothing,122.93,81.06,115
38,Durable Jacket,Clothing,246.4,118.16,216
39,Modern Memoir,Books,42.93,20.99,114
40,Fun Blocks,Toys,19.01,10.94,228
41,Educational Puzzle,Toys,240.39,101.93,147
42,Wireless Headphones,Electronics,103.93,70.93,245
43,Comfortable Jacket,Clothing,107.71,61.94,233
44,Classic Guide,Books,169.08,83.57,167
45,Rustic Chair,Home,117.02,79.42,118
46,Portable Speaker,Electronics,22.95,10.65,167
47,Classic Jacket,Clothing,220.42,112.6,140
48,Cozy Lamp,Home,168.63,95.51,126
49,CLASSIC JACKET,Clothing,222.98,138.86,139
50,Classic Guide,Books,180.81,83.37,167
51,interactive blocks,Toys,226.81,148.3,123
52,Cozy Lamp,Home,5.87,3.71,167
53,Durable Shirt,Clothing,142.42,61.75,138
54,Fun Blocks,Toys,147.71,65.65,132
55,Smart Camera,Electronics,225.25,143.9,110
56,Hardcover Guide,Books,168.4,85.23,243
57,Rustic Rug,Home,216.83,150.23,145
58,Elegant Rug,Home,185.46,92.67,205
59,Classic Jeans,Clothing,197.91,85.58,109
60,Rustic Rug,Home,205.06,110.34,178
61,Stylish Jacket,Clothing,166.71,86.61,171
62,Smart Camera,Electronics,162.16,84.31,237
63,Illustrated Novel,Books,219.87,105.18,248
64,Illustrated Novel,Books,151.16,76.14,180
65,Elegant Table,Home,225.38,103.0,111
66,Elegant Rug,Home,94.23,39.67,184
67,Colorful Puzzle,Toys,181.34,88.87,179
68,Cozy Table,Home,175.82,99.57,149
69,Modern Rug,Home,155.8,76.39,240
70,Smart Camera,Electronics,56.49,35.91,182
71,Modern Table,Home,170.53,94.36,143
72,Smart Camera,Electronics,27.88,19.11,160
73,Hardcover Guide,Books,41.1,17.01,221
74,Fun Car,Toys,106.54,62.74,149
75,Modern Table,Home,64.78,38.66,101
76,Portable Headphones,Electronics,48.09,33.06,232
77,Elegant Rug,Home,229.78,100.28,134
78,  Cozy Table ,Home,155.1,95.51,229
79,Modern Rug,Home,187.2,101.54,166
80,Classic Shirt,Clothing,158.55,76.48,119
81,Hardcover Anthology,Books,87.28,58.3,120
82,Stylish Jeans,Clothing,98.84,44.07,154
83,Portable Monitor,Electronics,86.07,46.46,115
84,Durable Shirt,Clothing,226.69,130.4,105
85,Interactive Car,Toys,6.44,3.26,199
86,Rustic Table,Home,58.76,31.19,107
87,Cozy Table,Home,182.42,118.97,132
88,Fun Car,Toys,150.01,89.84,121
89,Rustic Table,Home,49.52,23.67,183
90,Durable Sweater,Clothing,87.69,58.22,171
91,Cozy Lamp,Home,120.23,75.11,113
92,Hardcover Novel,Books,196.4,116.96,107
93,Stylish Jacket,Clothing,157.23,74.14,221
94,Compact Monitor,Electronics,176.37,111.13,142
95,Fun Doll,Toys,241.36,104.37,106
96,Modern Memoir,Books,235.66,108.29,162
97,Smart Speaker,Electronics,200.08,114.0,110
98,Modern Anthology,Books,21.89,13.01,103
99,Modern Lamp,Home,111.21,56.57,217
100,Durable Jeans,Clothing,184.78,127.43,169
101,Interactive Car,Toys,111.72,69.19,168
102,Hardcover Novel,Books,73.34,39.25,218
103,Interactive Blocks,Toys,12.03,7.88,146
104,Rustic Chair,Home,200.47,100.66,170
105,Fun Doll,Toys,25.98,16.0,225
106, Educational Car  ,Toys,163.25,89.34,104
107,Smart Headphones,Electronics,104.08,49.23,248
108,Modern Anthology,Books,109.25,68.15,184
109,Modern Anthology,Books,80.12,37.59,149
110,Illustrated Guide,Books,51.93,32.28,170
111,colorful puzzle,Toys,208.99,102.17,192
112,Classic Jacket,Clothing,178.46,78.16,111
113,Smart Headphones,Electronics,161.28,100.94,126
114,Smart Monitor,Electronics,122.28,61.41,113
115,Modern Novel,Books,206.42,107.38,118
116,Fun Doll,Toys,41.55,23.64,177
117,Compact Speaker,Electronics,141.73,74.39,157
118,Interactive Car,Toys,227.58,111.33,250
119,Cozy Lamp,Home,154.36,96.02,153
120,Classic Jacket,Clothing,43.48,19.66,119
121,Comfortable Shirt,Clothing,115.37,66.7,174
122,Compact Camera,Electronics,178.2,108.86,216
123,Compact Camera,Electronics,198.02,116.34,150
124, Elegant Rug ,Home,163.67,110.07,136
125,Wireless Headphones,Electronics,199.19,115.23,245
126,Modern Novel,Books,119.83,58.86,203
127,Modern Memoir,Books,24.71,10.18,210
128, Classic Novel ,Books,27.38,18.85,247
129,Fun Blocks,Toys,146.18,91.94,144
130,Modern Chair,Home,49.46,28.47,225
131,Portable Camera,Electronics,105.05,52.14,126
132,Classic Shirt,Clothing,174.95,85.11,202
133,Fun Car,Toys,26.57,12.64,129
134,Elegant Table,Home,106.25,48.48,192
135,Interactive Car,Toys,191.2,88.16,240
136,Classic Shirt,Clothing,220.81,120.43,107
137,Educational Doll,Toys,81.13,32.78,204
138,Compact Speaker,Electronics,118.05,51.38,139
139,Cozy Chair,Home,106.8,58.18,220
140,Durable Jeans,Clothing,98.98,66.97,230
141,Comfortable Sweater,Clothing,194.31,127.53,187
142,Colorful Puzzle,Toys,74.3,36.37,250
143,Interactive Doll,Toys,114.4,62.38,185
144,  Interactive Car ,Toys,233.55,154.35,161
145,Interactive Doll,Toys,214.72,112.35,181
146,Modern Table,Home,247.16,157.62,138
147,Elegant Rug,Home,128.06,73.9,125
148,Elegant Table,Home,8.76,3.88,139
149,PORTABLE CAMERA,Electronics,87.95,53.46,120
150,Modern Anthology,Books,158.57,105.64,224
151,Fun Puzzle,Toys,62.52,37.84,173
152,Comfortable Shirt,Clothing,244.69,153.69,125
153,Rustic Chair,Home,226.34,93.66,114
154,Classic Anthology,Books,110.52,52.3,205
155,Educational Doll,Toys,47.89,27.91,197
156,Educational Car,Toys,228.64,101.27,218
157,Modern Anthology,Books,168.38,112.76,219
158,Hardcover Novel,Books,113.22,57.03,250
159,Modern Anthology,Books,116.92,57.37,198
160,Elegant Rug,Home,98.43,49.97,175
161,Illustrated Memoir,Books,72.25,41.17,112
162,Interactive Blocks,Toys,195.06,91.49,190
163,Stylish Sweater,Clothing,171.05,105.41,135
164,  Wireless Camera  ,Electronics,198.21,81.27,193
165,  Comfortable Sweater  ,Clothing,85.05,44.62,151
166,Classic Sweater,Clothing,208.47,99.46,223
167,  Classic Novel  ,Books,119.74,50.6,157
168,Cozy Lamp,Home,198.72,80.32,237
169,Portable Camera,Electronics,169.84,102.19,249
170,Cozy Lamp,Home,170.33,92.22,243
171,Hardcover Novel,Books,160.67,86.65,177
172,Elegant Rug,Home,16.11,6.62,226
173,Wireless Headphones,Electronics,222.38,98.0,216
174,Modern Guide,Books,221.93,132.38,225
175, Interactive Blocks ,Toys,13.02,6.66,213
176,Rustic Chair,Home,29.34,17.77,239
177,Illustrated Memoir,Books,72.59,50.12,216
178,Compact Speaker,Electronics,17.39,8.7,132
179,Educational Puzzle,Toys,208.31,117.96,250
180,stylish sweater,Clothing,194.72,123.96,100
181,Hardcover Guide,Books,137.35,87.84,128
182,Compact Speaker,Electronics,92.77,59.05,250
183,Illustrated Guide,Books,70.02,30.67,207
184,Fun Puzzle,Toys,121.68,77.07,231
185,Fun Car,Toys,128.44,87.8,111
186,Colorful Car,Toys,162.62,66.57,222
187,Modern Lamp,Home,125.12,84.19,118
188,Smart Headphones,Electronics,21.09,10.18,249
189,Colorful Car,Toys,248.68,139.05,216
190,Interactive Puzzle,Toys,199.31,86.57,241
191,Durable Shirt,Clothing,222.58,116.66,216
192,Modern Lamp,Home,81.57,40.28,165
193,Hardcover Memoir,Books,21.45,13.93,123
194,Elegant Chair,Home,203.88,115.58,250
195,Colorful Puzzle,Toys,105.65,69.95,208
196,Smart Camera,Electronics,91.15,52.26,154
197,Durable Jeans,Clothing,212.58,107.36,242
198,Illustrated Anthology,Books,145.65,93.53,243
199,Fun Blocks,Toys,12.09,5.83,179
200,Classic Novel,Books,49.44,21.9,202
201,COMPACT SPEAKER,Electronics,27.48,15.37,196
202,MODERN CHAIR,Home,43.57,21.5,183
203,Fun Puzzle,Toys,43.12,27.01,112
204,Smart Monitor,Electronics,167.17,91.22,213
205,Cozy Rug,Home,189.96,82.47,210
206,Smart Monitor,Electronics,134.1,66.05,156
207,Elegant Lamp,Home,55.08,37.65,135
208,Classic Anthology,Books,34.4,18.89,210
209,Stylish Shirt,Clothing,135.48,63.54,243
210,Illustrated Memoir,Books,216.13,89.19,104
211,Elegant Chair,Home,146.06,83.55,206
212,Illustrated Memoir,Books,10.11,5.03,217
213,Illustrated Memoir,Books,211.9,100.23,250
214,Elegant Table,Home,218.28,136.15,156
215,Hardcover Novel,Books,130.07,56.48,230
216,Classic Sweater,Clothing,183.21,118.3,137
217,Comfortable Jeans,Clothing,67.71,30.61,139
218,Compact Monitor,Electronics,118.67,67.54,248
219,Cozy Chair,Home,41.98,17.65,213
220,Classic Novel,Books,91.23,38.52,218
221,Elegant Lamp,Home,95.34,46.35,123
222,Interactive Car,Toys,147.18,101.01,110
223,Rustic Chair,Home,153.23,84.34,115
224,Elegant Chair,Home,245.68,104.49,144
225,Compact Monitor,Electronics,247.79,138.07,140
226,Classic Anthology,Books,99.92,63.18,113
227,Illustrated Anthology,Books,28.15,16.99,172
228,Hardcover Anthology,Books,24.97,14.96,189
229,Modern Guide,Books,150.79,102.75,179
230,Interactive Blocks,Toys,204.23,122.75,234
231,Portable Camera,Electronics,9.47,4.67,154
232,Modern Guide,Books,60.5,26.7,119
233,Illustrated Novel,Books,167.17,110.82,133
234,Interactive Doll,Toys,44.75,29.06,142
235,Elegant Table,Home,94.25,58.05,213
236,colorful car,Toys,62.33,29.4,220
237,Classic Shirt,Clothing,118.11,57.23,197
238,Interactive Doll,Toys,205.14,131.37,135
239,Illustrated Memoir,Books,219.16,124.12,126
240,Fun Blocks,Toys,25.55,11.45,215
241,Educational Car,Toys,27.47,18.49,215
242,Illustrated Memoir,Books,18.05,9.94,160
243,Elegant Chair,Home,60.01,29.74,125
244,Hardcover Guide,Books,14.38,9.71,220
245,Durable Shirt,Clothing,155.76,104.63,104
246,Hardcover Guide,Books,139.46,86.21,235
247,Elegant Chair,Home,63.22,27.6,161
248,Modern Lamp,Home,32.16,21.6,237
249,Compact Headphones,Electronics,76.36,30.58,190
250,Durable Jeans,Clothing,167.77,71.42,192
251,Wireless Monitor,Electronics,218.97,90.45,199
252,Classic Novel,Books,92.49,38.87,161
253,Smart Headphones,Electronics,15.86,8.94,144
254,Modern Rug,Home,203.82,85.39,217
255,Smart Headphones,Electronics,15.73,7.23,110
256,Classic Memoir,Books,247.34,139.23,164
257,Compact Camera,Electronics,92.46,58.64,184
258,Illustrated Anthology,Books,112.05,58.27,212
259,Cozy Rug,Home,126.57,69.52,232
260,Illustrated Memoir,Books,24.34,14.14,146
261,Colorful Blocks,Toys,30.14,15.02,175
262,Modern Memoir,Books,45.83,24.44,214
263,Smart Monitor,Electronics,72.27,50.16,114
264,Portable Camera,Electronics,130.71,81.69,140
265,Compact Monitor,Electronics,13.53,5.68,193
266,Modern Novel,Books,153.25,92.52,194
267,Modern Novel,Books,145.61,81.37,201
268,Classic Guide,Books,240.33,98.0,147
269,Modern Lamp,Home,69.14,33.05,214
270,Classic Shirt,Clothing,54.04,23.82,118
271,Rustic Table,Home,249.33,160.36,181
272,Illustrated Anthology,Books,223.38,146.41,144
273,hardcover novel,Books,246.36,157.08,160
274,Elegant Chair,Home,140.74,71.87,241
275,Comfortable Jacket,Clothing,80.78,56.54,222
276,Interactive Car,Toys,206.72,87.26,181
277,Portable Monitor,Electronics,171.63,86.39,241
278,Educational Doll,Toys,110.99,74.72,114
279,Compact Camera,Electronics,45.34,22.52,157
280,Classic Novel,Books,66.4,39.21,241
281,Hardcover Anthology,Books,155.53,66.57,143
282,Educational Doll,Toys,166.39,102.53,186
283,Fun Puzzle,Toys,24.9,17.05,247
284,Hardcover Memoir,Books,156.44,64.0,239
285,Classic Memoir,Books,65.0,41.74,203
286,Modern Novel,Books,173.71,77.72,206
287,Modern Rug,Home,88.35,39.15,181
288,Modern Guide,Books,191.36,106.11,127
289,Hardcover Memoir,Books,35.02,18.73,136
290, Wireless Camera ,Electronics,236.62,155.99,207
291,Stylish Sweater,Clothing,233.77,144.08,148
292,Durable Shirt,Clothing,127.2,62.65,105
293,Portable Monitor,Electronics,241.84,112.35,190
294,Wireless Camera,Electronics,126.25,83.92,220
295,Illustrated Novel,Books,110.58,73.51,193
296,Cozy Lamp,Home,103.14,58.9,149
297,Classic Novel,Books,99.66,53.33,240
298,Illustrated Guide,Books,243.9,126.38,186
299,Colorful Doll,Toys,53.77,29.72,228
300,wireless speaker,Electronics,38.57,19.28,221
301,Interactive Doll,Toys,153.53,85.16,183
302,Colorful Doll,Toys,101.27,59.24,176
303,Colorful Car,Toys,178.64,87.52,104
304,Classic Novel,Books,245.08,140.95,106
305,  Interactive Blocks ,Toys,241.93,153.59,248
306,EDUCATIONAL PUZZLE,Toys,147.96,66.75,197
307,Stylish Jacket,Clothing,145.28,88.64,148
308,Portable Camera,Electronics,107.6,56.37,152
309,Modern Lamp,Home,177.91,98.85,243
310,Modern Memoir,Books,81.87,37.0,236
311,Classic Anthology,Books,154.47,70.7,163
312,Classic Guide,Books,235.66,163.71,173
313,DURABLE SWEATER,Clothing,122.55,69.63,170
314,Illustrated Memoir,Books,224.46,116.35,188
315,Classic Jacket,Clothing,75.47,46.36,188
316,COZY TABLE,Home,57.43,37.24,169
317,Colorful Doll,Toys,31.76,19.76,161
318,Comfortable Jeans,Clothing,161.3,67.06,205
319,Modern Novel,Books,171.89,75.84,240
320,Durable Shirt,Clothing,121.97,56.09,173
321,CLASSIC NOVEL,Books,227.44,97.08,246
322,Comfortable Jeans,Clothing,107.38,69.93,109
323,Modern Rug,Home,234.47,161.47,174
324,Wireless Camera,Electronics,144.15,62.3,185
325,Modern Memoir,Books,222.87,98.12,229
326,Cozy Rug,Home,203.16,101.42,217
327,Hardcover Novel,Books,185.47,118.19,245
328,Stylish Shirt,Clothing,207.61,115.14,122
329,Elegant Rug,Home,245.51,133.37,163
330,Smart Monitor,Electronics,62.7,39.26,184
331,Illustrated Anthology,Books,165.15,100.38,115
332,Portable Camera,Electronics,44.13,26.73,179
333,Smart Camera,Electronics,155.58,72.46,134
334,Rustic Table,Home,188.2,109.48,206
335, Interactive Doll  ,Toys,191.66,115.78,120
336,Interactive Blocks,Toys,24.14,13.74,115
337,Educational Doll,Toys,45.31,29.74,213
338,Compact Monitor,Electronics,27.28,15.09,114
339,Rustic Table,Home,116.92,48.79,218
340,Illustrated Memoir,Books,67.34,27.0,155
341,Fun Puzzle,Toys,108.81,66.39,238
342,Wireless Monitor,Electronics,12.78,6.68,134
343,Cozy Table,Home,114.89,77.57,196
344,Elegant Rug,Home,165.12,83.28,145
345,Interactive Doll,Toys,183.33,85.58,100
346,Smart Monitor,Electronics,170.01,95.77,236
347,Rustic Rug,Home,117.85,52.62,148
348,Wireless Monitor,Electronics,155.66,105.98,104
349,Stylish Jacket,Clothing,29.72,12.19,112
350,Comfortable Shirt,Clothing,112.55,63.24,114
351,Classic Jeans,Clothing,204.87,126.91,181
352,Colorful Doll,Toys,78.93,34.96,233
353,Durable Sweater,Clothing,72.41,41.06,144
354,Modern Lamp,Home,243.21,165.98,197
355,Colorful Car,Toys,105.02,51.46,147
356,Interactive Doll,Toys,213.09,104.46,136
357,Elegant Table,Home,242.11,137.32,134
358,Rustic Chair,Home,54.82,32.56,215
359,Illustrated Guide,Books,17.63,9.05,110
360,Compact Headphones,Electronics,122.45,80.92,185
361,Illustrated Guide,Books,234.6,161.55,130
362,Rustic Rug,Home,102.17,48.2,182
363,Modern Memoir,Books,135.74,68.93,166
364,Modern Memoir,Books,29.16,20.25,220
365,Hardcover Anthology,Books,81.67,33.79,156
366,Comfortable Sweater,Clothing,140.56,80.85,206
367,Hardcover Guide,Books,85.82,44.11,162
368,Cozy Chair,Home,192.02,104.96,225
369,rustic chair,Home,46.47,28.63,225
370,Comfortable Jacket,Clothing,210.57,88.92,112
371,Portable Headphones,Electronics,211.42,99.25,138
372,compact monitor,Electronics,96.43,56.45,223
373,Elegant Lamp,Home,135.39,70.86,104
374,Colorful Blocks,Toys,9.2,5.92,210
375,Comfortable Jacket,Clothing,133.47,63.04,234
376,Classic Anthology,Books,199.76,84.64,203
377,Rustic Rug,Home,78.49,50.89,120
378,Wireless Monitor,Electronics,97.92,55.4,114
379,Compact Speaker,Electronics,127.47,67.58,184
380,Fun Puzzle,Toys,61.29,41.09,245
381,Cozy Lamp,Home,231.42,140.09,171
382,Fun Doll,Toys,232.55,114.96,153
383,Educational Car,Toys,232.57,113.91,244
384,Durable Sweater,Clothing,99.04,61.6,120
385,Colorful Puzzle,Toys,28.93,13.59,119
386,Modern Anthology,Books,12.26,5.91,215
387,Rustic Chair,Home,140.49,72.02,147
388,Interactive Puzzle,Toys,194.18,94.88,163
389,Wireless Camera,Electronics,42.78,26.25,139
390,Cozy Chair,Home,31.1,12.49,178
391,Cozy Chair,Home,30.05,12.81,210
392,Modern Lamp,Home,11.43,5.79,123
393,Colorful Car,Toys,8.02,4.2,121
394,Educational Doll,Toys,172.9,77.95,168
395,Classic Memoir,Books,40.75,18.34,170
396,Cozy Table,Home,196.75,100.02,163
397,Rustic Table,Home,31.21,15.34,201
398,Modern Anthology,Books,112.85,59.72,134
399,Classic Guide,Books,122.36,55.46,201
400,Classic Memoir,Books,242.1,153.63,183
401,Cozy Table,Home,94.43,64.18,151
402,Educational Puzzle,Toys,238.49,128.42,153
403,Cozy Lamp,Home,205.65,131.35,204
404,Rustic Chair,Home,64.3,38.43,208
405,Elegant Table,Home,247.72,134.7,202
406,Interactive Puzzle,Toys,198.73,100.93,237
407,FUN PUZZLE,Toys,193.39,115.51,190
408,Comfortable Shirt,Clothing,241.87,120.81,210
409,Wireless Speaker,Electronics,68.39,37.83,232
410,Educational Car,Toys,96.66,52.09,250
411,Educational Blocks,Toys,249.44,135.9,175
412,Elegant Lamp,Home,208.67,129.18,189
413, Classic Memoir  ,Books,197.15,109.68,189
414,Elegant Table,Home,181.89,97.44,117
415,Illustrated Novel,Books,10.53,5.3,127
416,Stylish Jeans,Clothing,140.22,70.01,209
417,Rustic Table,Home,159.29,72.62,210
418,Elegant Rug,Home,115.15,60.9,101
419,Stylish Sweater,Clothing,189.32,121.66,116
420,Fun Doll,Toys,94.62,43.44,129
421,Modern Anthology,Books,151.26,88.24,250
422,Smart Camera,Electronics,212.15,124.15,176
423,Fun Doll,Toys,81.73,38.54,129
424, Classic Jeans  ,Clothing,130.15,68.39,135
425,Interactive Car,Toys,50.51,29.83,144
426,Educational Car,Toys,75.76,34.56,215
427,Fun Blocks,Toys,238.2,129.91,149
428,Modern Table,Home,172.75,90.64,213
429,Rustic Lamp,Home,143.52,91.68,156
430,illustrated anthology,Books,60.09,29.24,217
431,Interactive Puzzle,Toys,145.31,69.8,239
432,ILLUSTRATED MEMOIR,Books,138.86,96.78,126
433,Classic Jacket,Clothing,115.18,58.12,122
434,  Elegant Rug  ,Home,56.42,35.05,189
435,Interactive Doll,Toys,155.96,99.11,152
436,Smart Camera,Electronics,151.23,68.13,174
437,Classic Novel,Books,38.22,23.89,205
438,Smart Headphones,Electronics,176.85,77.78,137
439,Hardcover Memoir,Books,124.92,71.61,168
440,Modern Table,Home,23.5,15.0,123
441,Cozy Chair,Home,116.4,63.6,248
442,Wireless Monitor,Electronics,160.54,97.8,116
443,Interactive Doll,Toys,242.19,156.81,226
444,Classic Anthology,Books,87.75,50.31,244
445,Cozy Lamp,Home,16.26,9.56,217
446,Wireless Headphones,Electronics,113.12,45.27,209
447,Stylish Sweater,Clothing,43.95,29.88,170
448,Smart Camera,Electronics,25.19,15.1,142
449,Portable Camera,Electronics,182.87,114.58,209
450,Wireless Speaker,Electronics,57.29,24.26,157
451,Interactive Puzzle,Toys,6.98,3.51,130
452,Rustic Table,Home,22.35,11.51,126
453,Smart Camera,Electronics,220.84,97.42,134
454,Comfortable Jacket,Clothing,154.53,69.42,189
455,Stylish Shirt,Clothing,155.94,83.07,155
456,Wireless Headphones,Electronics,189.35,109.23,198
457,Modern Anthology,Books,198.81,94.3,121
458,classic jacket,Clothing,212.73,127.11,177
459,Stylish Shirt,Clothing,77.41,32.23,161
460,Modern Lamp,Home,64.07,37.89,118
461,Fun Blocks,Toys,233.81,102.78,245
462,Cozy Rug,Home,191.87,131.69,118
463,Wireless Speaker,Electronics,69.24,28.52,115
464,Cozy Table,Home,108.78,56.64,237
465,educational blocks,Toys,25.48,10.8,152
466,Classic Shirt,Clothing,148.68,93.51,116
467,Modern Guide,Books,19.19,8.17,211
468,Portable Speaker,Electronics,80.78,50.29,144
469,Wireless Headphones,Electronics,176.87,79.44,188
470,Colorful Doll,Toys,96.11,60.06,168
471,Wireless Camera,Electronics,202.74,97.64,116
472,Illustrated Memoir,Books,116.52,59.2,227
473, Educational Blocks  ,Toys,43.54,27.52,246
474,Compact Speaker,Electronics,15.79,10.4,162
475,Portable Camera,Electronics,98.83,43.98,109
476,Interactive Doll,Toys,83.84,44.01,181
477,Illustrated Anthology,Books,34.25,20.62,113
478,Stylish Jacket,Clothing,238.75,100.44,219
479,Classic Anthology,Books,26.16,14.05,194
480,Classic Sweater,Clothing,186.2,88.03,194
481,Interactive Doll,Toys,184.45,104.02,162
482,Comfortable Shirt,Clothing,10.86,6.11,102
483,Illustrated Memoir,Books,213.01,131.68,126
484,Stylish Shirt,Clothing,125.55,52.48,136
485,Illustrated Novel,Books,230.71,154.39,233
486,Cozy Table,Home,243.77,103.72,124
487,Educational Car,Toys,23.33,13.31,211
488,Stylish Sweater,Clothing,68.94,34.09,200
489,Classic Memoir,Books,71.63,30.26,151
490,Comfortable Jeans,Clothing,30.89,16.52,180
491,Elegant Chair,Home,241.34,111.57,178
492,Cozy Lamp,Home,27.15,17.44,177
493,fun doll,Toys,209.8,104.55,123
494,Classic Shirt,Clothing,130.8,78.89,166
495,comfortable shirt,Clothing,214.38,121.51,240
496,Comfortable Shirt,Clothing,29.97,19.13,131
497,Wireless Headphones,Electronics,37.03,23.96,195
498,Smart Speaker,Electronics,10.34,4.34,213
499,  Comfortable Sweater ,Clothing,35.02,23.91,112
500,Durable Shirt,Clothing,126.55,65.15,209
501,Classic Jeans,Clothing,227.53,109.78,214
502,Comfortable Jeans,Clothing,163.58,89.91,240
503,Elegant Lamp,Home,73.55,32.45,151
504,Educational Puzzle,Toys,247.4,156.99,191
505,Modern Chair,Home,228.61,125.9,199
506,Hardcover Novel,Books,83.13,38.71,171
507,Portable Camera,Electronics,192.88,134.99,140
508,Compact Headphones,Electronics,70.3,45.34,114
509,Durable Sweater,Clothing,234.13,163.3,144
510,Stylish Sweater,Clothing,202.52,123.39,107
511,Hardcover Guide,Books,209.99,135.05,226
512,Colorful Doll,Toys,125.16,53.45,159
513,Educational Puzzle,Toys,133.98,53.62,151
514,Classic Jeans,Clothing,230.1,150.32,182
515,Wireless Headphones,Electronics,148.72,100.41,128
516,Colorful Puzzle,Toys,96.53,65.89,201
517,Fun Blocks,Toys,78.93,34.8,140
518,Modern Chair,Home,47.68,32.93,191
519,Stylish Shirt,Clothing,80.17,48.63,132
520,Comfortable Shirt,Clothing,213.44,134.73,245
521,Compact Camera,Electronics,230.65,159.21,156
522,Fun Car,Toys,39.46,24.61,160
523,Classic Guide,Books,160.87,110.83,185
524,Elegant Chair,Home,56.37,34.27,189
525,Illustrated Novel,Books,16.8,8.93,207
526,Durable Shirt,Clothing,221.03,111.7,196
527,Portable Headphones,Electronics,44.85,18.93,108
528,Illustrated Anthology,Books,68.98,29.76,187
529,Durable Jeans,Clothing,184.34,103.99,123
530,Modern Novel,Books,110.67,65.97,211
531,Comfortable Jacket,Clothing,86.12,59.62,204
532,Colorful Blocks,Toys,77.86,33.38,200
533,Interactive Doll,Toys,18.35,7.36,122
534,Modern Guide,Books,28.76,13.29,174
535,Portable Speaker,Electronics,80.55,41.82,225
536,Illustrated Memoir,Books,50.3,33.48,194
537,Durable Jacket,Clothing,69.51,37.5,157
538,Illustrated Guide,Books,189.3,113.63,121
539,Modern Guide,Books,140.63,91.72,233
540,Modern Rug,Home,121.68,51.55,108
541,Educational Puzzle,Toys,237.57,127.03,142
542,Stylish Jeans,Clothing,15.46,6.55,211
543,Stylish Sweater,Clothing,83.34,51.52,117
544,Portable Monitor,Electronics,140.25,92.14,233
545,Elegant Table,Home,32.57,14.49,245
546,Fun Puzzle,Toys,142.86,61.47,173
547,Colorful Car,Toys,69.71,41.58,246
548,Interactive Puzzle,Toys,47.19,24.58,202
549,Portable Camera,Electronics,174.18,72.25,221
550,Classic Novel,Books,87.78,56.01,179
551,Modern Novel,Books,243.26,113.94,176
552,Cozy Chair,Home,183.56,106.74,122
553,Durable Jeans,Clothing,228.79,119.46,224
554,Colorful Puzzle,Toys,131.24,58.76,179
555,Interactive Doll,Toys,196.23,109.36,245
556,Compact Headphones,Electronics,219.42,100.98,114
557,Comfortable Shirt,Clothing,17.39,8.84,150
558,Classic Memoir,Books,128.76,76.05,131
559,Compact Camera,Electronics,124.75,66.6,221
560,Colorful Blocks,Toys,45.06,30.12,123
561,Illustrated Memoir,Books,17.16,11.26,154
562,Stylish Jeans,Clothing,70.93,37.09,105
563,Portable Headphones,Electronics,163.61,94.95,102
564, Classic Sweater ,Clothing,179.62,110.07,170
565,modern chair,Home,117.45,54.67,177
566,Interactive Puzzle,Toys,6.8,4.76,195
567,Colorful Blocks,Toys,172.68,94.03,186
568,Classic Anthology,Books,68.98,42.31,176
569,Stylish Jeans,Clothing,225.42,144.64,203
570,Hardcover Novel,Books,165.57,115.77,166
571,Modern Table,Home,185.5,106.65,246
572,Classic Jeans,Clothing,173.15,102.42,221
573,Classic Guide,Books,210.96,139.86,146
574,Illustrated Memoir,Books,36.35,17.36,243
575,Classic Jacket,Clothing,59.45,27.76,178
576,Cozy Chair,Home,68.84,33.61,130
577,Elegant Lamp,Home,120.69,55.32,130
578,Cozy Table,Home,18.25,11.98,135
579,Classic Shirt,Clothing,246.86,164.87,217
580,Classic Jeans,Clothing,195.84,106.98,145
581,Illustrated Novel,Books,115.75,53.57,143
582,Educational Car,Toys,197.38,125.12,133
583,Interactive Car,Toys,103.83,71.6,198
584,Wireless Headphones,Electronics,184.01,126.05,182
585,Educational Puzzle,Toys,170.8,100.43,163
586,Classic Sweater,Clothing,36.59,18.85,250
587,Hardcover Novel,Books,206.84,101.24,174
588,Cozy Table,Home,222.55,155.48,187
589,Cozy Rug,Home,45.4,30.51,203
590,Compact Headphones,Electronics,183.16,80.47,105
591,Educational Puzzle,Toys,94.81,56.43,109
592,Cozy Lamp,Home,150.51,62.37,127
593,Wireless Speaker,Electronics,107.11,55.06,240
594,Modern Guide,Books,55.35,33.53,102
595,Modern Novel,Books,167.31,80.47,135
596,ELEGANT LAMP,Home,74.26,47.19,227
597,Stylish Sweater,Clothing,208.72,144.42,191
598,Cozy Rug,Home,14.65,8.04,153
599,Cozy Rug,Home,5.67,3.41,128
600,Interactive Doll,Toys,237.61,150.61,119
601,Smart Headphones,Electronics,116.9,81.03,167
602,Elegant Lamp,Home,204.23,135.25,174
603,Classic Memoir,Books,185.94,79.68,111
604,Compact Headphones,Electronics,85.52,57.16,168
605,SMART CAMERA,Electronics,49.8,25.91,216
606,Modern Memoir,Books,200.98,119.51,142
607,Compact Speaker,Electronics,245.48,160.37,126
608,Modern Table,Home,49.41,25.39,191
609,Fun Doll,Toys,123.35,67.4,205
610,Elegant Lamp,Home,69.1,34.15,234
611,Educational Blocks,Toys,132.18,80.16,124
612,Rustic Table,Home,89.71,54.09,198
613,Comfortable Jacket,Clothing,162.63,72.71,220
614,Rustic Lamp,Home,189.1,93.83,184
615,Illustrated Guide,Books,139.87,71.84,160
616,Portable Monitor,Electronics,201.31,107.59,227
617,Cozy Lamp,Home,245.26,152.94,104
618,Portable Monitor,Electronics,13.78,7.78,123
619,Colorful Doll,Toys,165.38,88.79,187
620,Illustrated Guide,Books,211.86,105.84,221
621,Modern Novel,Books,28.87,17.25,100
622,Classic Anthology,Books,139.18,71.28,127
623,Compact Monitor,Electronics,39.41,24.24,204
624,Smart Headphones,Electronics,50.95,34.6,200
625,Durable Jeans,Clothing,180.61,78.08,206
626,Wireless Monitor,Electronics,117.06,67.52,229
627,Durable Jacket,Clothing,134.94,55.94,210
628,Interactive Doll,Toys,174.5,78.89,132
629,Portable Camera,Electronics,128.51,66.23,163
630,Modern Anthology,Books,242.77,130.09,134
631,Durable Sweater,Clothing,211.55,119.39,180
632,Educational Doll,Toys,56.38,34.64,188
633,Stylish Sweater,Clothing,179.04,112.48,243
634,Modern Chair,Home,219.98,115.87,103
635,Fun Puzzle,Toys,98.31,40.89,114
636,CLASSIC JEANS,Clothing,245.97,148.82,137
637,Smart Headphones,Electronics,189.63,77.69,215
638,Compact Monitor,Electronics,63.21,40.16,173
639,Portable Monitor,Electronics,107.06,68.14,180
640,Fun Puzzle,Toys,187.2,86.29,213
641,Classic Jeans,Clothing,195.16,134.52,175
642, Rustic Lamp  ,Home,50.81,22.97,231
643,Portable Speaker,Electronics,109.98,62.36,133
644,Classic Jacket,Clothing,85.99,52.7,139
645,Compact Camera,Electronics,151.24,95.6,177
646,Cozy Lamp,Home,197.09,97.63,156
647,Comfortable Jeans,Clothing,106.9,59.98,123
648,Hardcover Guide,Books,167.52,83.65,175
649,Durable Jacket,Clothing,33.11,16.68,161
650,Educational Puzzle,Toys,172.23,85.47,129
651,Cozy Chair,Home,11.05,6.13,195
652,Interactive Car,Toys,15.74,10.54,149
653,Illustrated Novel,Books,46.01,31.6,237
654,Fun Puzzle,Toys,56.64,33.35,154
655,Elegant Rug,Home,136.75,83.53,211
656,Compact Speaker,Electronics,117.51,58.7,122
657,Wireless Headphones,Electronics,199.58,113.25,247
658,Classic Shirt,Clothing,100.07,58.95,210
659,Illustrated Memoir,Books,169.96,95.25,116
660,Fun Puzzle,Toys,92.64,51.03,174
661,Illustrated Anthology,Books,192.49,102.27,201
662, Portable Headphones ,Electronics,135.7,59.83,200
663,Colorful Doll,Toys,78.02,51.97,195
664,Compact Speaker,Electronics,15.23,8.71,200
665,Fun Blocks,Toys,56.46,35.14,188
666,Durable Jeans,Clothing,44.43,20.71,164
667,Comfortable Jeans,Clothing,169.39,96.58,113
668,Interactive Puzzle,Toys,76.21,32.02,125
669,Durable Sweater,Clothing,92.5,55.63,160
670,Smart Speaker,Electronics,225.53,111.71,215
671,Classic Guide,Books,143.56,73.12,180
672,Rustic Lamp,Home,81.74,51.96,211
673,Classic Guide,Books,171.5,85.66,222
674,Modern Chair,Home,194.82,106.39,127
675,Comfortable Sweater,Clothing,215.38,95.2,237
676,Classic Jacket,Clothing,183.22,122.32,229
677,Portable Headphones,Electronics,227.04,128.39,239
678,Interactive Doll,Toys,94.63,44.19,250
679,Hardcover Memoir,Books,127.78,54.58,193
680,Fun Doll,Toys,212.76,136.58,142
681,Educational Car,Toys,44.01,25.08,244
682,Durable Sweater,Clothing,14.9,9.36,159
683,Smart Camera,Electronics,62.33,37.43,232
684,Modern Memoir,Books,229.89,152.75,110
685,Illustrated Anthology,Books,209.54,100.37,239
686,  Educational Car  ,Toys,165.15,84.16,119
687,  Colorful Car ,Toys,243.31,113.59,203
688,Classic Memoir,Books,199.2,132.7,101
689,Educational Car,Toys,45.57,19.28,171
690, STYLISH JEANS ,Clothing,43.55,25.29,130
691,Durable Sweater,Clothing,181.46,98.8,222
692,Rustic Rug,Home,163.58,85.6,162
693,Compact Headphones,Electronics,38.01,21.05,246
694,Comfortable Jeans,Clothing,68.27,31.0,203
695,Fun Blocks,Toys,237.08,110.24,220
696,Rustic Rug,Home,208.44,120.95,249
697,Classic Jeans,Clothing,182.43,91.73,216
698,Fun Doll,Toys,97.66,42.94,104
699,Durable Jeans,Clothing,153.35,69.5,109
700,Fun Puzzle,Toys,123.15,54.07,238
701,Portable Monitor,Electronics,95.74,39.54,235
702,Rustic Table,Home,198.44,102.07,250
703,Fun Car,Toys,37.8,20.53,159
704,Smart Monitor,Electronics,68.16,27.38,101
705,Fun Puzzle,Toys,96.88,44.72,180
706,Cozy Lamp,Home,42.92,25.56,164
707,Modern Anthology,Books,154.91,108.06,201
708,Durable Shirt,Clothing,48.79,27.7,223
709,Classic Anthology,Books,194.68,101.12,135
710,Compact Monitor,Electronics,196.86,134.8,125
711,Durable Sweater,Clothing,201.21,117.55,113
712,Durable Jacket,Clothing,202.07,130.73,220
713,Interactive Puzzle,Toys,20.7,9.66,120
714,Fun Car,Toys,233.02,121.22,233
715,Illustrated Guide,Books,161.87,86.06,151
716,Colorful Doll,Toys,13.23,7.67,232
717,Stylish Jacket,Clothing,93.14,55.56,140
718,Smart Monitor,Electronics,91.52,47.46,250
719,Comfortable Jacket,Clothing,230.2,130.03,243
720,Colorful Blocks,Toys,241.01,116.4,149
721,Modern Lamp,Home,68.97,36.01,127
722,Fun Blocks,Toys,88.29,38.42,231
723,Classic Memoir,Books,241.68,137.5,162
724,Modern Memoir,Books,224.65,147.96,223
725,Smart Speaker,Electronics,98.75,62.86,156
726,Classic Shirt,Clothing,239.08,132.68,102
727,Hardcover Anthology,Books,27.79,16.73,187
728,Compact Monitor,Electronics,81.9,38.13,246
729,Hardcover Guide,Books,127.25,58.52,161
730,Hardcover Guide,Books,54.68,25.97,191
731,Comfortable Jacket,Clothing,230.45,138.9,226
732,  Fun Puzzle ,Toys,212.76,108.8,180
733,Cozy Table,Home,49.8,31.34,230
734,Modern Guide,Books,188.79,82.78,234
735,Modern Lamp,Home,128.11,66.38,144
736,Elegant Table,Home,82.33,33.14,153
737,Elegant Chair,Home,93.59,61.63,147
738,Colorful Doll,Toys,71.01,48.82,187
739,Hardcover Memoir,Books,108.87,57.24,195
740,Modern Anthology,Books,115.43,65.96,247
741,Comfortable Sweater,Clothing,202.0,114.45,197
742,Stylish Jeans,Clothing,120.88,48.71,207
743,Rustic Chair,Home,197.41,96.73,243
744,Fun Car,Toys,29.25,13.13,155
745,Modern Novel,Books,115.21,57.65,192
746,Classic Anthology,Books,9.86,4.3,150
747,Educational Blocks,Toys,92.0,55.38,224
748,Elegant Table,Home,155.35,83.75,137
749,Classic Shirt,Clothing,159.66,91.24,118
750,Compact Camera,Electronics,60.91,30.15,174
751,Modern Anthology,Books,222.48,141.12,192
752, Interactive Car ,Toys,45.99,30.18,132
753,Classic Jacket,Clothing,56.59,29.38,124
754,Portable Speaker,Electronics,11.46,5.95,121
755,Smart Headphones,Electronics,25.66,17.44,199
756,Hardcover Guide,Books,185.71,98.97,132
757,Stylish Jacket,Clothing,13.61,6.9,183
758,Modern Chair,Home,139.39,61.41,238
759,Durable Shirt,Clothing,133.25,78.87,179
760,Modern Guide,Books,202.15,107.66,193
761,Cozy Rug,Home,79.38,31.75,134
762,Classic Memoir,Books,136.1,82.52,225
763,Cozy Lamp,Home,192.64,123.17,159
764,Smart Headphones,Electronics,105.88,60.16,201
765,Stylish Shirt,Clothing,207.96,96.95,120
766,Rustic Chair,Home,74.75,46.56,168
767,Rustic Lamp,Home,49.69,24.19,216
768,Interactive Blocks,Toys,176.62,96.72,182
769,Compact Speaker,Electronics,242.58,98.64,126
770,Classic Guide,Books,180.22,111.4,159
771,Compact Speaker,Electronics,125.93,63.29,179
772,Cozy Table,Home,175.75,71.97,120
773,Comfortable Sweater,Clothing,195.03,82.19,220
774,Stylish Sweater,Clothing,205.23,133.09,131
775,  Durable Shirt  ,Clothing,65.55,45.78,150
776,ELEGANT RUG,Home,120.84,73.04,179
777,Hardcover Novel,Books,187.46,105.89,131
778,Modern Anthology,Books,53.69,35.77,155
779,Compact Monitor,Electronics,84.51,38.05,170
780,Fun Car,Toys,198.34,79.87,110
781,Interactive Doll,Toys,95.99,40.97,140
782,Elegant Chair,Home,233.06,162.93,115
783,Smart Headphones,Electronics,176.83,112.72,132
784,Rustic Chair,Home,245.51,156.28,188
785,  Rustic Lamp ,Home,173.87,88.23,134
786,Illustrated Memoir,Books,178.12,101.12,238
787,Rustic Rug,Home,138.19,68.69,219
788,Hardcover Novel,Books,135.13,72.27,167
789,Colorful Car,Toys,5.18,3.06,197
790,Comfortable Sweater,Clothing,195.12,92.03,116
791,Interactive Doll,Toys,133.4,73.27,241
792,classic sweater,Clothing,105.4,52.34,124
793,Fun Puzzle,Toys,209.62,92.01,108
794,Comfortable Shirt,Clothing,51.95,21.28,199
795,Cozy Lamp,Home,94.76,55.13,118
796,Compact Monitor,Electronics,232.46,151.01,219
797,Smart Monitor,Electronics,206.4,131.74,114
798,Colorful Puzzle,Toys,184.9,120.25,119
799,Comfortable Jacket,Clothing,182.67,102.2,148
800,Stylish Jeans,Clothing,141.81,80.47,127
801,Colorful Car,Toys,177.12,93.54,126
802,Stylish Shirt,Clothing,128.65,76.84,236
803,Interactive Blocks,Toys,226.11,127.76,183
804,Modern Memoir,Books,207.41,103.09,161
805,Educational Car,Toys,192.6,130.55,165
806,Modern Memoir,Books,240.16,96.08,108
807,Illustrated Guide,Books,248.39,121.85,176
808,Stylish Sweater,Clothing,10.32,6.67,170
809,Educational Puzzle,Toys,14.25,7.22,135
810,classic guide,Books,62.08,39.94,123
811,Interactive Doll,Toys,184.9,114.1,223
812,Durable Jacket,Clothing,150.83,73.92,247
813,Elegant Lamp,Home,230.86,115.5,211
814,  Elegant Rug  ,Home,188.18,123.23,102
815,Elegant Chair,Home,133.47,66.17,244
816,Classic Jeans,Clothing,42.53,25.61,200
817,Elegant Rug,Home,110.82,70.47,137
818,Classic Jacket,Clothing,121.58,75.82,240
819,Cozy Lamp,Home,102.64,54.43,133
820,Durable Jeans,Clothing,124.53,74.18,150
821,Educational Doll,Toys,22.55,14.27,182
822,Fun Puzzle,Toys,169.58,89.38,189
823,Classic Sweater,Clothing,150.5,61.29,178
824,Classic Shirt,Clothing,157.68,83.91,159
825,Classic Jeans,Clothing,190.64,125.03,128
826,Compact Headphones,Electronics,217.84,140.73,103
827,Illustrated Anthology,Books,115.27,46.89,153
828,Educational Doll,Toys,138.87,86.81,240
829,Rustic Lamp,Home,97.27,65.35,234
830,Smart Headphones,Electronics,19.73,9.08,169
831,Portable Speaker,Electronics,21.32,12.75,192
832, Wireless Camera  ,Electronics,217.52,129.39,159
833,Elegant Chair,Home,123.74,71.66,122
834,Stylish Shirt,Clothing,142.37,87.38,110
835,Classic Sweater,Clothing,125.03,77.93,104
836,Classic Anthology,Books,158.18,74.48,228
837,Illustrated Anthology,Books,220.28,146.95,107
838,Colorful Doll,Toys,42.17,28.22,135
839,Portable Headphones,Electronics,107.25,61.33,209
840,Classic Memoir,Books,137.85,63.69,135
841,Educational Doll,Toys,80.7,49.35,234
842,Durable Jeans,Clothing,165.78,94.4,140
843,Illustrated Novel,Books,50.11,32.66,137
844,Smart Monitor,Electronics,240.49,118.08,170
845,Stylish Jacket,Clothing,37.23,15.18,168
846,Educational Doll,Toys,61.57,25.11,120
847,Rustic Table,Home,179.44,91.91,199
848,Modern Rug,Home,45.13,21.12,204
849,Smart Monitor,Electronics,59.53,35.8,151
850,Comfortable Jeans,Clothing,232.14,161.5,225
851,Modern Guide,Books,109.75,69.46,197
852,Modern Novel,Books,132.56,70.98,110
853,Durable Jacket,Clothing,141.64,78.59,112
854,Classic Shirt,Clothing,102.52,50.37,173
855,  Rustic Table  ,Home,77.13,52.12,232
856,Durable Shirt,Clothing,27.16,14.94,146
857,Educational Car,Toys,106.32,56.91,145
858,Rustic Table,Home,27.09,13.47,141
859,Wireless Speaker,Electronics,178.03,105.08,121
860,Interactive Doll,Toys,97.78,50.28,143
861,Hardcover Guide,Books,217.86,98.83,113
862,Cozy Chair,Home,183.89,126.57,173
863,Comfortable Jeans,Clothing,240.31,96.38,164
864,Portable Monitor,Electronics,214.58,120.82,101
865,Interactive Doll,Toys,58.13,34.75,216
866,Modern Lamp,Home,152.3,61.22,240
867,Hardcover Novel,Books,50.29,20.95,189
868,Compact Speaker,Electronics,168.41,109.7,176
869,Illustrated Novel,Books,31.68,22.12,141
870,Hardcover Memoir,Books,188.59,95.81,109
871,Smart Camera,Electronics,95.3,48.95,117
872,  Elegant Chair ,Home,120.35,52.55,170
873,Modern Guide,Books,175.48,102.41,127
874,  Fun Car  ,Toys,182.4,106.05,173
875,Cozy Chair,Home,133.72,93.4,190
876,Durable Shirt,Clothing,125.66,57.05,159
877,Hardcover Novel,Books,33.96,18.32,130
878,Durable Shirt,Clothing,16.15,8.15,154
879,Compact Camera,Electronics,67.33,28.3,176
880,Colorful Puzzle,Toys,32.89,16.44,201
881,Fun Doll,Toys,52.53,34.15,222
882,Elegant Rug,Home,122.97,72.33,237
883,Modern Memoir,Books,232.31,96.83,233
884,Classic Novel,Books,56.02,33.93,190
885,Compact Camera,Electronics,210.98,105.86,196
886,Educational Car,Toys,50.91,22.15,178
887,Illustrated Anthology,Books,106.4,58.43,160
888,modern anthology,Books,57.95,28.44,128
889,Illustrated Guide,Books,228.77,121.96,106
890,Rustic Rug,Home,88.33,48.14,234
891,Classic Guide,Books,193.52,83.11,232
892,Stylish Jacket,Clothing,117.55,72.19,233
893,Wireless Camera,Electronics,233.42,141.48,122
894,Modern Novel,Books,30.26,19.06,179
895,Smart Headphones,Electronics,83.62,38.28,170
896,Colorful Car,Toys,169.43,81.63,140
897,Illustrated Novel,Books,239.78,136.17,126
898,Classic Sweater,Clothing,71.41,48.77,172
899,Educational Doll,Toys,22.45,13.11,186
900,Interactive Puzzle,Toys,36.87,19.95,112
901,Portable Speaker,Electronics,26.1,13.51,214
902,Colorful Blocks,Toys,86.42,39.71,236
903,Portable Headphones,Electronics,27.76,17.79,219
904,Portable Camera,Electronics,172.7,105.88,219
905,Rustic Rug,Home,40.21,26.89,166
906,Modern Guide,Books,176.41,105.77,183
907,Modern Lamp,Home,21.01,9.12,222
908,Rustic Chair,Home,193.15,112.28,132
909,Fun Car,Toys,205.3,131.19,183
910,Fun Blocks,Toys,135.52,70.5,205
911,Stylish Jeans,Clothing,243.6,125.49,187
912,Durable Shirt,Clothing,143.97,72.37,160
913,COMFORTABLE SHIRT,Clothing,33.01,19.11,183
914,Fun Car,Toys,48.16,33.07,117
915,FUN CAR,Toys,85.22,50.58,115
916,Compact Headphones,Electronics,222.38,149.21,100
917,Stylish Shirt,Clothing,135.16,69.88,247
918,Rustic Rug,Home,171.97,85.12,245
919,Modern Anthology,Books,247.62,142.34,230
920,  Rustic Chair ,Home,20.29,13.6,113
921,Smart Speaker,Electronics,216.01,142.5,160
922,Modern Chair,Home,179.38,93.6,211
923,Educational Doll,Toys,121.34,55.39,198
924,Modern Guide,Books,75.68,50.09,132
925,Comfortable Jacket,Clothing,163.86,72.62,224
926,Rustic Lamp,Home,38.62,24.79,216
927,Interactive Doll,Toys,116.33,61.33,215
928,Cozy Rug,Home,50.52,29.37,247
929,Rustic Chair,Home,105.66,59.58,193
930,Wireless Monitor,Electronics,177.7,77.11,223
931,Compact Camera,Electronics,118.91,50.35,122
932,Durable Jacket,Clothing,172.6,96.96,248
933,Illustrated Anthology,Books,136.08,54.87,216
934,Interactive Blocks,Toys,108.15,74.43,175
935,Hardcover Novel,Books,175.29,101.54,177
936,Colorful Puzzle,Toys,159.18,91.28,246
937,Smart Speaker,Electronics,75.27,31.97,229
938,Smart Camera,Electronics,37.47,18.15,165
939,Wireless Headphones,Electronics,227.98,141.73,214
940,Hardcover Anthology,Books,196.72,92.63,146
941,Fun Blocks,Toys,246.1,169.86,139
942, Modern Table  ,Home,63.3,33.68,142
943,Classic Jacket,Clothing,162.35,101.74,129
944,Compact Monitor,Electronics,102.69,50.36,236
945,Durable Shirt,Clothing,121.27,53.79,211
946,Smart Monitor,Electronics,98.59,48.77,235
947,Wireless Camera,Electronics,239.26,126.7,169
948,Classic Anthology,Books,201.57,96.07,249
949,Modern Rug,Home,184.91,106.62,149
950,Colorful Doll,Toys,81.75,32.96,102
951,Wireless Monitor,Electronics,28.94,12.48,214
952,Hardcover Anthology,Books,66.71,27.37,123
953,Compact Speaker,Electronics,178.48,77.82,133
954,Rustic Lamp,Home,175.44,83.51,219
955,Portable Camera,Electronics,193.49,117.58,182
956,Hardcover Novel,Books,72.94,30.54,199
957,Illustrated Anthology,Books,239.12,114.63,212
958,  Portable Headphones  ,Electronics,154.52,70.08,225
959,Compact Monitor,Electronics,58.5,34.69,213
960,Illustrated Novel,Books,22.87,13.07,164
961,Elegant Table,Home,41.47,24.55,109
962,Cozy Rug,Home,176.51,118.51,247
963,Portable Monitor,Electronics,111.83,73.05,117
964,Educational Puzzle,Toys,99.18,60.18,223
965,Smart Camera,Electronics,172.05,89.5,123
966,Classic Novel,Books,211.09,132.59,174
967,Stylish Jacket,Clothing,242.04,144.79,176
968,Elegant Chair,Home,124.19,82.66,212
969,Stylish Jacket,Clothing,52.31,32.22,161
970,Modern Lamp,Home,199.22,118.14,227
971,Interactive Puzzle,Toys,14.08,5.87,110
972,Elegant Rug,Home,202.74,121.68,217
973,Educational Doll,Toys,231.58,95.19,136
974,Elegant Table,Home,227.26,133.06,162
975,Comfortable Jeans,Clothing,160.0,107.42,124
976,Rustic Lamp,Home,205.36,88.69,227
977,Educational Puzzle,Toys,202.09,106.68,202
978,Illustrated Guide,Books,83.79,57.77,154
979,Compact Camera,Electronics,20.49,9.88,206
980,Classic Jeans,Clothing,112.47,76.22,110
981,Comfortable Shirt,Clothing,195.53,79.13,224
982,Wireless Speaker,Electronics,48.96,20.89,172
983,Modern Rug,Home,55.51,32.86,233
984,Modern Rug,Home,234.83,136.94,109
985,Educational Car,Toys,154.95,66.07,177
986,Modern Novel,Books,141.64,64.81,235
987,Smart Headphones,Electronics,118.73,69.81,153
988,Illustrated Guide,Books,32.61,14.5,221
989,Rustic Rug,Home,169.18,69.86,193
990,Hardcover Memoir,Books,66.59,38.96,216
991,Wireless Speaker,Electronics,231.59,104.86,107
992,Elegant Lamp,Home,224.29,138.26,248
993,Modern Guide,Books,188.04,125.9,158
994,Smart Headphones,Electronics,29.03,18.04,151
995,Rustic Lamp,Home,120.39,65.65,211
996,  Stylish Shirt ,Clothing,48.62,24.9,217
997,Classic Sweater,Clothing,54.54,23.9,245
998,Smart Headphones,Electronics,32.22,17.39,207
999,Classic Jeans,Clothing,222.17,129.1,143
1000, Educational Puzzle ,Toys,105.87,58.92,155
1001,Interactive Car,Toys,73.4,45.43,163
1002,Classic Shirt,Clothing,146.97,98.11,138
1003,Fun Car,Toys,245.15,101.01,220
1004,Fun Car,Toys,135.12,73.48,125
1005,Modern Rug,Home,25.36,15.87,204
1006,Stylish Sweater,Clothing,77.47,46.04,123
1007,Portable Camera,Electronics,44.64,24.01,246
1008,Fun Car,Toys,118.62,52.38,203
1009,Classic Shirt,Clothing,177.46,71.06,118
1010,Cozy Lamp,Home,77.66,48.6,238
1011,Educational Puzzle,Toys,157.01,78.62,114
1012,Colorful Puzzle,Toys,32.19,16.41,110
1013,Classic Guide,Books,163.8,100.16,243
1014,Stylish Sweater,Clothing,63.47,27.55,222
1015,Educational Doll,Toys,83.51,55.9,228
1016,  Cozy Lamp  ,Home,20.53,10.34,224
1017,Fun Car,Toys,178.91,107.97,236
1018,Modern Anthology,Books,200.98,137.39,116
1019,Durable Jacket,Clothing,24.64,16.49,173
1020, Wireless Headphones ,Electronics,72.61,44.23,227
1021,Stylish Jacket,Clothing,76.83,53.08,238
1022,Durable Sweater,Clothing,107.93,67.06,105
1023,HARDCOVER NOVEL,Books,10.4,6.66,233
1024,Modern Anthology,Books,165.66,105.37,224
1025,Interactive Car,Toys,79.5,34.95,178
1026,Classic Jeans,Clothing,123.64,85.46,112
1027,Classic Sweater,Clothing,116.7,52.5,141
1028,Colorful Doll,Toys,243.44,158.67,139
1029,Stylish Jacket,Clothing,15.08,7.46,132
1030,Cozy Chair,Home,50.2,28.55,108
1031,Classic Guide,Books,96.36,54.15,141
1032,  Colorful Puzzle ,Toys,230.51,120.18,227
1033,Durable Sweater,Clothing,43.23,29.87,239
1034,Colorful Blocks,Toys,121.11,58.97,246
1035,Durable Sweater,Clothing,173.84,107.69,110
1036,Comfortable Sweater,Clothing,11.07,6.48,156
1037,  Cozy Lamp  ,Home,84.96,49.48,149
1038,Educational Blocks,Toys,52.95,22.51,214
1039,Portable Headphones,Electronics,125.16,72.71,230
1040,smart monitor,Electronics,41.25,27.07,194
1041,Cozy Lamp,Home,74.74,37.77,214
1042,Fun Doll,Toys,183.32,97.76,206
1043,Cozy Rug,Home,202.39,139.87,208
1044,Rustic Lamp,Home,40.19,19.73,234
1045,Illustrated Memoir,Books,26.67,13.94,169
1046,Rustic Table,Home,179.01,112.16,135
1047,Stylish Shirt,Clothing,75.92,41.54,177
1048,Colorful Car,Toys,142.02,76.55,106
1049,Compact Camera,Electronics,78.54,46.51,220
1050,Smart Monitor,Electronics,48.95,32.9,162
1051,Wireless Camera,Electronics,125.8,86.95,192
1052,Interactive Car,Toys,217.74,128.12,221
1053,Smart Speaker,Electronics,212.09,95.2,114
1054,Classic Shirt,Clothing,220.19,97.03,141
1055,Smart Camera,Electronics,107.78,72.6,191
1056,Smart Camera,Electronics,134.76,91.76,231
1057,Stylish Jacket,Clothing,151.7,68.29,182
1058,Classic Anthology,Books,172.93,104.88,124
1059,Colorful Doll,Toys,8.16,4.53,195
1060, Modern Chair  ,Home,230.62,103.53,155
1061,Stylish Jeans,Clothing,199.8,113.41,234
1062,Fun Car,Toys,117.82,49.83,133
1063,Portable Camera,Electronics,81.34,41.38,213
1064,Colorful Doll,Toys,178.92,73.11,130
1065,Stylish Jeans,Clothing,173.57,85.44,153
1066,Comfortable Shirt,Clothing,174.25,110.69,119
1067,Portable Monitor,Electronics,15.42,6.67,231
1068, Fun Car  ,Toys,34.14,16.25,116
1069,Illustrated Novel,Books,196.68,132.96,152
1070,Educational Doll,Toys,169.3,69.21,137
1071,Classic Anthology,Books,44.34,24.4,161
1072,FUN PUZZLE,Toys,205.8,129.44,235
1073,Stylish Sweater,Clothing,47.08,29.48,101
1074,Compact Monitor,Electronics,94.78,54.67,212
1075,Compact Camera,Electronics,245.42,129.39,231
1076,Durable Jacket,Clothing,191.55,94.68,219
1077,Compact Monitor,Electronics,191.76,117.25,242
1078,Wireless Camera,Electronics,125.96,64.92,216
1079,Colorful Car,Toys,60.34,31.51,209
1080,Comfortable Shirt,Clothing,235.08,119.95,103
1081,Elegant Table,Home,112.32,67.12,121
1082,Compact Monitor,Electronics,103.15,59.53,126
1083,Comfortable Sweater,Clothing,243.93,122.35,203
1084,Compact Monitor,Electronics,182.67,88.33,248
1085,Colorful Car,Toys,92.24,55.34,203
1086,Cozy Rug,Home,193.16,83.52,164
1087,Modern Rug,Home,158.95,70.0,125
1088,Wireless Monitor,Electronics,171.14,118.36,197
1089,Colorful Doll,Toys,79.17,46.47,119
1090,Interactive Car,Toys,54.47,32.61,225
1091,Colorful Blocks,Toys,203.32,114.3,104
1092,Portable Speaker,Electronics,98.99,48.94,196
1093,Modern Lamp,Home,13.05,7.4,177
1094,Durable Shirt,Clothing,37.95,23.33,224
1095,Portable Monitor,Electronics,121.6,79.81,229
1096,Portable Camera,Electronics,126.2,87.24,190
1097,Classic Novel,Books,11.9,4.92,193
1098,Illustrated Anthology,Books,98.24,51.91,191
1099,Cozy Lamp,Home,167.0,79.21,179
1100,Fun Puzzle,Toys,217.89,94.64,143
1101,Smart Speaker,Electronics,117.92,77.71,245
1102,Interactive Blocks,Toys,10.0,5.41,105
1103,Modern Memoir,Books,83.99,36.06,225
1104,Compact Camera,Electronics,126.7,81.52,186
1105,Classic Sweater,Clothing,242.51,111.68,119
1106,Educational Blocks,Toys,69.96,34.22,246
1107,Rustic Lamp,Home,180.84,103.7,186
1108,Illustrated Memoir,Books,109.64,55.28,119
1109, Classic Memoir  ,Books,167.55,82.77,206
1110,Cozy Table,Home,169.53,95.66,104
1111,educational car,Toys,57.17,39.37,219
1112,Modern Novel,Books,132.96,67.71,137
1113,Stylish Sweater,Clothing,211.81,110.79,116
1114,Durable Sweater,Clothing,206.81,122.81,165
1115,Educational Car,Toys,63.43,28.23,107
1116, Classic Shirt  ,Clothing,123.92,86.42,208
1117,Compact Headphones,Electronics,71.81,29.35,171
1118,Educational Puzzle,Toys,241.13,131.6,105
1119,Wireless Camera,Electronics,152.39,100.6,204
1120,Illustrated Memoir,Books,236.07,145.72,135
1121,Comfortable Jacket,Clothing,132.88,86.2,234
1122,Modern Novel,Books,63.33,27.66,180
1123,  Modern Guide ,Books,234.2,109.0,127
1124,Stylish Sweater,Clothing,112.67,53.66,250
1125,Portable Camera,Electronics,176.41,76.54,239
1126,Modern Rug,Home,241.01,159.99,137
1127,Modern Anthology,Books,206.23,83.8,108
1128,Compact Camera,Electronics,140.42,69.2,192
1129,Compact Monitor,Electronics,100.18,67.41,200
1130,Classic Novel,Books,234.4,146.97,176
1131,Stylish Shirt,Clothing,159.68,106.0,204
1132,Smart Speaker,Electronics,206.68,140.99,220
1133,Cozy Table,Home,219.81,142.01,141
1134,Illustrated Anthology,Books,108.11,66.9,240
1135,Modern Novel,Books,191.68,113.55,147
1136,Rustic Lamp,Home,103.16,60.71,180
1137,Fun Puzzle,Toys,43.67,24.23,133
1138,Interactive Blocks,Toys,115.62,76.55,134
1139,Hardcover Anthology,Books,200.88,92.32,206
1140,Hardcover Memoir,Books,219.72,150.16,246
1141,Comfortable Jacket,Clothing,231.16,137.34,158
1142,Portable Headphones,Electronics,69.14,45.32,112
1143,Modern Chair,Home,41.57,28.58,143
1144,Fun Puzzle,Toys,181.05,96.06,216
1145,Elegant Rug,Home,179.82,82.21,168
1146,Modern Memoir,Books,36.9,24.24,155
1147,Hardcover Memoir,Books,49.19,31.37,107
1148,Classic Guide,Books,156.33,105.08,194
1149,Interactive Puzzle,Toys,7.53,3.31,182
1150,Rustic Table,Home,178.57,110.86,165
1151,Wireless Speaker,Electronics,17.77,12.07,220
1152,Illustrated Novel,Books,67.15,39.34,177
1153,Cozy Rug,Home,242.17,137.52,248
1154,Classic Jeans,Clothing,128.42,87.21,219
1155,Comfortable Sweater,Clothing,179.01,94.85,166
1156,Smart Speaker,Electronics,244.74,134.55,171
1157,Modern Anthology,Books,226.18,108.33,167
1158,Colorful Car,Toys,223.7,110.66,225
1159,Durable Jacket,Clothing,51.29,21.36,146
1160,Portable Camera,Electronics,45.07,24.34,129
1161,Elegant Table,Home,92.35,56.58,224
1162,Modern Lamp,Home,212.23,140.09,131
1163,Illustrated Guide,Books,217.7,98.88,143
1164,Colorful Doll,Toys,147.97,102.32,234
1165,Educational Car,Toys,230.5,109.22,227
1166,Smart Speaker,Electronics,74.65,51.84,131
1167,Cozy Lamp,Home,210.06,93.71,120
1168,Modern Table,Home,158.95,76.42,101
1169,Illustrated Memoir,Books,84.6,52.41,245
1170,Stylish Jacket,Clothing,201.38,97.65,114
1171,Portable Speaker,Electronics,102.72,46.57,202
1172,Wireless Headphones,Electronics,44.92,28.47,172
1173,Comfortable Sweater,Clothing,125.26,66.35,179
1174,Educational Blocks,Toys,168.05,109.17,231
1175,Durable Shirt,Clothing,221.93,120.49,244
1176,Interactive Puzzle,Toys,190.34,122.45,147
1177,Modern Lamp,Home,14.91,7.49,218
1178,Stylish Shirt,Clothing,134.18,79.73,121
1179,Modern Memoir,Books,24.4,15.63,176
1180,Stylish Sweater,Clothing,211.18,117.61,175
1181,Fun Puzzle,Toys,229.74,127.28,230
1182,Modern Lamp,Home,118.84,73.22,164
1183,Classic Novel,Books,193.32,78.27,218
1184,Stylish Shirt,Clothing,16.09,8.45,176
1185,Modern Memoir,Books,157.83,75.68,147
1186,Stylish Jacket,Clothing,188.02,109.28,127
1187,Elegant Lamp,Home,101.76,41.11,222
1188,Modern Table,Home,79.19,50.99,192
1189,Cozy Lamp,Home,35.65,14.41,128
1190,Compact Speaker,Electronics,56.26,33.45,161
1191,Rustic Lamp,Home,78.72,42.43,221
1192,Elegant Lamp,Home,45.7,20.37,213
1193,Modern Lamp,Home,215.65,124.12,151
1194,Modern Novel,Books,86.79,37.39,210
1195,Modern Chair,Home,14.07,7.32,231
1196,Interactive Doll,Toys,180.0,100.53,208
1197,Colorful Puzzle,Toys,70.62,41.98,221
1198,Portable Camera,Electronics,114.84,60.96,141
1199,Hardcover Memoir,Books,89.24,41.91,156
1200,Colorful Car,Toys,37.13,18.12,199
1201,Cozy Table,Home,200.94,131.29,153
1202,Illustrated Memoir,Books,36.63,16.84,225
1203,Portable Monitor,Electronics,79.39,36.74,112
1204,Smart Camera,Electronics,92.48,41.39,228
1205,Wireless Camera,Electronics,110.5,64.67,130
1206,Educational Car,Toys,68.17,34.23,190
1207,Smart Headphones,Electronics,214.08,141.74,126
1208,Portable Monitor,Electronics,240.85,150.95,127
1209,Fun Puzzle,Toys,129.29,58.2,130
1210,Classic Jeans,Clothing,183.45,112.35,229
1211,Elegant Rug,Home,163.54,81.83,135
1212,Compact Monitor,Electronics,242.56,153.0,101
1213,Durable Sweater,Clothing,75.26,33.97,168
1214,Modern Anthology,Books,159.21,75.41,235
1215,Rustic Rug,Home,201.43,105.55,204
1216,Cozy Lamp,Home,113.43,71.58,232
1217,Wireless Camera,Electronics,82.13,57.05,142
1218,Elegant Table,Home,191.0,114.23,138
1219,Fun Blocks,Toys,107.73,71.72,241
1220,Classic Anthology,Books,6.94,3.36,235
1221,Educational Car,Toys,114.32,52.76,239
1222,Interactive Blocks,Toys,222.48,141.16,203
1223,Classic Jacket,Clothing,14.06,7.03,132
1224,Colorful Doll,Toys,27.74,15.69,233
1225,Hardcover Novel,Books,11.83,7.56,166
1226,Classic Shirt,Clothing,246.8,106.9,115
1227,Classic Anthology,Books,35.33,22.15,131
1228,Cozy Lamp,Home,116.02,80.62,248
1229,Educational Blocks,Toys,78.3,46.99,246
1230,Durable Jeans,Clothing,30.78,17.08,149
1231,Modern Novel,Books,40.91,21.59,205
1232,Wireless Speaker,Electronics,109.1,47.9,154
1233,Elegant Chair,Home,170.82,88.97,243
1234,Interactive Blocks,Toys,148.15,87.55,212
1235,Modern Rug,Home,40.36,17.68,217
1236,comfortable jeans,Clothing,116.58,47.77,140
1237,Colorful Puzzle,Toys,152.39,79.64,130
1238, Classic Novel  ,Books,133.08,57.93,178
1239,Classic Anthology,Books,124.05,79.06,136
1240,Interactive Puzzle,Toys,234.52,115.28,172
1241,Stylish Shirt,Clothing,5.51,3.11,117
1242,Portable Monitor,Electronics,145.4,82.84,186
1243,Modern Rug,Home,191.68,105.7,217
1244,Modern Rug,Home,217.25,108.1,204
1245,Rustic Table,Home,88.05,36.43,213
1246,Illustrated Guide,Books,178.27,101.9,179
1247,Fun Puzzle,Toys,52.14,30.53,247
1248,Compact Monitor,Electronics,128.15,51.98,236
1249,Comfortable Sweater,Clothing,197.76,93.66,248
1250,Elegant Chair,Home,103.44,42.77,105
1251,Modern Guide,Books,106.66,70.17,181
1252,COZY LAMP,Home,33.09,14.22,143
1253,hardcover guide,Books,67.61,28.86,178
1254,Rustic Lamp,Home,155.55,77.4,106
1255,Smart Monitor,Electronics,29.19,12.92,182
1256,Modern Novel,Books,17.71,8.36,250
1257,Durable Shirt,Clothing,237.59,114.23,181
1258,Modern Lamp,Home,123.62,64.56,159
1259,Smart Speaker,Electronics,65.35,37.02,132
1260,MODERN MEMOIR,Books,25.56,15.1,152
1261,Classic Jeans,Clothing,196.6,110.34,208
1262,Interactive Puzzle,Toys,5.25,2.83,174
1263,Comfortable Jacket,Clothing,233.71,127.29,164
1264,Cozy Rug,Home,148.36,82.06,111
1265,Comfortable Sweater,Clothing,26.98,16.45,135
1266,Colorful Car,Toys,56.66,31.24,181
1267,Classic Memoir,Books,71.89,43.04,182
1268,Hardcover Memoir,Books,239.95,119.62,134
1269,Portable Speaker,Electronics,225.85,135.92,205
1270,Interactive Car,Toys,136.84,87.06,119
1271,Fun Car,Toys,169.7,85.85,196
1272,Colorful Car,Toys,48.41,30.52,102
1273,Portable Camera,Electronics,234.38,125.01,156
1274,Smart Camera,Electronics,51.92,33.48,177
1275,Stylish Shirt,Clothing,241.99,99.47,226
1276,Educational Puzzle,Toys,53.04,34.28,201
1277,Smart Monitor,Electronics,46.77,21.43,244
1278,Educational Puzzle,Toys,149.1,93.01,132
1279,Hardcover Anthology,Books,52.0,31.38,236
1280,  Colorful Car ,Toys,5.48,2.89,113
1281,Modern Memoir,Books,72.14,43.58,219
1282,Cozy Lamp,Home,221.53,103.54,171
1283,Modern Chair,Home,6.26,2.87,120
1284,  Fun Doll ,Toys,244.63,128.96,119
1285,Stylish Jeans,Clothing,85.66,35.88,124
1286,Portable Monitor,Electronics,202.97,117.27,185
